"","merge","Municipio","year","Ndeath","GEO_ID","AveDeath"
"1","720012010","Adjuntas",2010,79,72001,0
"2","720012011","Adjuntas",2011,90,72001,0
"3","720012012","Adjuntas",2012,72,72001,0
"4","720012013","Adjuntas",2013,68,72001,0
"5","720012014","Adjuntas",2014,72,72001,0
"6","720012015","Adjuntas",2015,71,72001,0
"7","720012016","Adjuntas",2016,64,72001,0
"8","720012017","Adjuntas",2017,75,72001,0
"9","720012018","Adjuntas",2018,79,72001,38
"10","720032010","Aguada",2010,115,72003,0
"11","720032011","Aguada",2011,105,72003,0
"12","720032012","Aguada",2012,133,72003,0
"13","720032013","Aguada",2013,139,72003,0
"14","720032014","Aguada",2014,145,72003,0
"15","720032015","Aguada",2015,134,72003,0
"16","720032016","Aguada",2016,158,72003,0
"17","720032017","Aguada",2017,147,72003,0
"18","720032018","Aguada",2018,155,72003,86
"19","720052010","Aguadilla",2010,656,72005,0
"20","720052011","Aguadilla",2011,633,72005,0
"21","720052012","Aguadilla",2012,635,72005,0
"22","720052013","Aguadilla",2013,687,72005,0
"23","720052014","Aguadilla",2014,688,72005,0
"24","720052015","Aguadilla",2015,661,72005,0
"25","720052016","Aguadilla",2016,697,72005,0
"26","720052017","Aguadilla",2017,681,72005,0
"27","720052018","Aguadilla",2018,683,72005,362
"28","720072010","Aguas Buenas",2010,112,72007,0
"29","720072011","Aguas Buenas",2011,130,72007,0
"30","720072012","Aguas Buenas",2012,108,72007,0
"31","720072013","Aguas Buenas",2013,104,72007,0
"32","720072014","Aguas Buenas",2014,95,72007,0
"33","720072015","Aguas Buenas",2015,104,72007,0
"34","720072016","Aguas Buenas",2016,115,72007,0
"35","720072017","Aguas Buenas",2017,102,72007,0
"36","720072018","Aguas Buenas",2018,110,72007,62
"37","720092010","Aibonito",2010,318,72009,0
"38","720092011","Aibonito",2011,341,72009,0
"39","720092012","Aibonito",2012,340,72009,0
"40","720092013","Aibonito",2013,292,72009,0
"41","720092014","Aibonito",2014,307,72009,0
"42","720092015","Aibonito",2015,287,72009,0
"43","720092016","Aibonito",2016,312,72009,0
"44","720092017","Aibonito",2017,298,72009,0
"45","720092018","Aibonito",2018,306,72009,156
"46","720112010","Añasco",2010,103,72011,0
"47","720112011","Añasco",2011,99,72011,0
"48","720112012","Añasco",2012,120,72011,0
"49","720112013","Añasco",2013,103,72011,0
"50","720112014","Añasco",2014,122,72011,0
"51","720112015","Añasco",2015,115,72011,0
"52","720112016","Añasco",2016,115,72011,0
"53","720112017","Añasco",2017,136,72011,0
"54","720112018","Añasco",2018,119,72011,60
"55","720132010","Arecibo",2010,1108,72013,0
"56","720132011","Arecibo",2011,1227,72013,0
"57","720132012","Arecibo",2012,1252,72013,0
"58","720132013","Arecibo",2013,1143,72013,0
"59","720132014","Arecibo",2014,1237,72013,0
"60","720132015","Arecibo",2015,1138,72013,0
"61","720132016","Arecibo",2016,1182,72013,0
"62","720132017","Arecibo",2017,1254,72013,0
"63","720132018","Arecibo",2018,1109,72013,612
"64","720152010","Arroyo",2010,140,72015,0
"65","720152011","Arroyo",2011,148,72015,0
"66","720152012","Arroyo",2012,134,72015,0
"67","720152013","Arroyo",2013,152,72015,0
"68","720152014","Arroyo",2014,170,72015,0
"69","720152015","Arroyo",2015,142,72015,0
"70","720152016","Arroyo",2016,114,72015,0
"71","720152017","Arroyo",2017,101,72015,0
"72","720152018","Arroyo",2018,105,72015,66
"73","720172010","Barceloneta",2010,91,72017,0
"74","720172011","Barceloneta",2011,95,72017,0
"75","720172012","Barceloneta",2012,99,72017,0
"76","720172013","Barceloneta",2013,77,72017,0
"77","720172014","Barceloneta",2014,84,72017,0
"78","720172015","Barceloneta",2015,75,72017,0
"79","720172016","Barceloneta",2016,113,72017,0
"80","720172017","Barceloneta",2017,92,72017,0
"81","720172018","Barceloneta",2018,92,72017,56
"82","720192010","Barranquitas",2010,120,72019,0
"83","720192011","Barranquitas",2011,113,72019,0
"84","720192012","Barranquitas",2012,124,72019,0
"85","720192013","Barranquitas",2013,120,72019,0
"86","720192014","Barranquitas",2014,138,72019,0
"87","720192015","Barranquitas",2015,97,72019,0
"88","720192016","Barranquitas",2016,120,72019,0
"89","720192017","Barranquitas",2017,117,72019,0
"90","720192018","Barranquitas",2018,102,72019,56
"91","720212010","Bayamón",2010,2113,72021,0
"92","720212011","Bayamón",2011,2569,72021,0
"93","720212012","Bayamón",2012,2390,72021,0
"94","720212013","Bayamón",2013,2422,72021,0
"95","720212014","Bayamón",2014,2601,72021,0
"96","720212015","Bayamón",2015,2224,72021,0
"97","720212016","Bayamón",2016,2466,72021,0
"98","720212017","Bayamón",2017,2638,72021,0
"99","720212018","Bayamón",2018,2312,72021,1256
"100","720232010","Cabo Rojo",2010,255,72023,0
"101","720232011","Cabo Rojo",2011,239,72023,0
"102","720232012","Cabo Rojo",2012,206,72023,0
"103","720232013","Cabo Rojo",2013,242,72023,0
"104","720232014","Cabo Rojo",2014,224,72023,0
"105","720232015","Cabo Rojo",2015,219,72023,0
"106","720232016","Cabo Rojo",2016,215,72023,0
"107","720232017","Cabo Rojo",2017,284,72023,0
"108","720232018","Cabo Rojo",2018,230,72023,116
"109","720252010","Caguas",2010,1447,72025,0
"110","720252011","Caguas",2011,1490,72025,0
"111","720252012","Caguas",2012,1459,72025,0
"112","720252013","Caguas",2013,1609,72025,0
"113","720252014","Caguas",2014,1679,72025,0
"114","720252015","Caguas",2015,1525,72025,0
"115","720252016","Caguas",2016,1589,72025,0
"116","720252017","Caguas",2017,1735,72025,0
"117","720252018","Caguas",2018,1565,72025,802
"118","720272010","Camuy",2010,136,72027,0
"119","720272011","Camuy",2011,125,72027,0
"120","720272012","Camuy",2012,128,72027,0
"121","720272013","Camuy",2013,155,72027,0
"122","720272014","Camuy",2014,139,72027,0
"123","720272015","Camuy",2015,143,72027,0
"124","720272016","Camuy",2016,139,72027,0
"125","720272017","Camuy",2017,149,72027,0
"126","720272018","Camuy",2018,146,72027,74
"127","720292010","Canóvanas",2010,170,72029,0
"128","720292011","Canóvanas",2011,183,72029,0
"129","720292012","Canóvanas",2012,148,72029,0
"130","720292013","Canóvanas",2013,158,72029,0
"131","720292014","Canóvanas",2014,146,72029,0
"132","720292015","Canóvanas",2015,128,72029,0
"133","720292016","Canóvanas",2016,157,72029,0
"134","720292017","Canóvanas",2017,157,72029,0
"135","720292018","Canóvanas",2018,147,72029,82
"136","720312010","Carolina",2010,1169,72031,0
"137","720312011","Carolina",2011,1232,72031,0
"138","720312012","Carolina",2012,1178,72031,0
"139","720312013","Carolina",2013,1186,72031,0
"140","720312014","Carolina",2014,1225,72031,0
"141","720312015","Carolina",2015,1136,72031,0
"142","720312016","Carolina",2016,1184,72031,0
"143","720312017","Carolina",2017,1342,72031,0
"144","720312018","Carolina",2018,1194,72031,626
"145","720332010","Cataño",2010,85,72033,0
"146","720332011","Cataño",2011,98,72033,0
"147","720332012","Cataño",2012,80,72033,0
"148","720332013","Cataño",2013,85,72033,0
"149","720332014","Cataño",2014,88,72033,0
"150","720332015","Cataño",2015,94,72033,0
"151","720332016","Cataño",2016,77,72033,0
"152","720332017","Cataño",2017,89,72033,0
"153","720332018","Cataño",2018,95,72033,48
"154","720352010","Cayey",2010,441,72035,0
"155","720352011","Cayey",2011,530,72035,0
"156","720352012","Cayey",2012,455,72035,0
"157","720352013","Cayey",2013,441,72035,0
"158","720352014","Cayey",2014,489,72035,0
"159","720352015","Cayey",2015,450,72035,0
"160","720352016","Cayey",2016,484,72035,0
"161","720352017","Cayey",2017,539,72035,0
"162","720352018","Cayey",2018,467,72035,240
"163","720372010","Ceiba",2010,62,72037,0
"164","720372011","Ceiba",2011,58,72037,0
"165","720372012","Ceiba",2012,52,72037,0
"166","720372013","Ceiba",2013,47,72037,0
"167","720372014","Ceiba",2014,51,72037,0
"168","720372015","Ceiba",2015,47,72037,0
"169","720372016","Ceiba",2016,45,72037,0
"170","720372017","Ceiba",2017,46,72037,0
"171","720372018","Ceiba",2018,50,72037,28
"172","720392010","Ciales",2010,75,72039,0
"173","720392011","Ciales",2011,86,72039,0
"174","720392012","Ciales",2012,69,72039,0
"175","720392013","Ciales",2013,64,72039,0
"176","720392014","Ciales",2014,83,72039,0
"177","720392015","Ciales",2015,47,72039,0
"178","720392016","Ciales",2016,55,72039,0
"179","720392017","Ciales",2017,64,72039,0
"180","720392018","Ciales",2018,65,72039,26
"181","720412010","Cidra",2010,146,72041,0
"182","720412011","Cidra",2011,132,72041,0
"183","720412012","Cidra",2012,128,72041,0
"184","720412013","Cidra",2013,151,72041,0
"185","720412014","Cidra",2014,151,72041,0
"186","720412015","Cidra",2015,153,72041,0
"187","720412016","Cidra",2016,188,72041,0
"188","720412017","Cidra",2017,155,72041,0
"189","720412018","Cidra",2018,179,72041,98
"190","720432010","Coamo",2010,150,72043,0
"191","720432011","Coamo",2011,153,72043,0
"192","720432012","Coamo",2012,168,72043,0
"193","720432013","Coamo",2013,153,72043,0
"194","720432014","Coamo",2014,178,72043,0
"195","720432015","Coamo",2015,154,72043,0
"196","720432016","Coamo",2016,174,72043,0
"197","720432017","Coamo",2017,193,72043,0
"198","720432018","Coamo",2018,173,72043,90
"199","720452010","Comerío",2010,80,72045,0
"200","720452011","Comerío",2011,68,72045,0
"201","720452012","Comerío",2012,60,72045,0
"202","720452013","Comerío",2013,65,72045,0
"203","720452014","Comerío",2014,71,72045,0
"204","720452015","Comerío",2015,66,72045,0
"205","720452016","Comerío",2016,77,72045,0
"206","720452017","Comerío",2017,75,72045,0
"207","720452018","Comerío",2018,77,72045,36
"208","720472010","Corozal",2010,133,72047,0
"209","720472011","Corozal",2011,133,72047,0
"210","720472012","Corozal",2012,128,72047,0
"211","720472013","Corozal",2013,131,72047,0
"212","720472014","Corozal",2014,120,72047,0
"213","720472015","Corozal",2015,139,72047,0
"214","720472016","Corozal",2016,139,72047,0
"215","720472017","Corozal",2017,161,72047,0
"216","720472018","Corozal",2018,135,72047,77
"217","720492010","Culebra",2010,11,72049,0
"218","720492011","Culebra",2011,5,72049,0
"219","720492012","Culebra",2012,4,72049,0
"220","720492013","Culebra",2013,11,72049,0
"221","720492014","Culebra",2014,9,72049,0
"222","720492015","Culebra",2015,7,72049,0
"223","720492016","Culebra",2016,15,72049,0
"224","720492017","Culebra",2017,11,72049,0
"225","720492018","Culebra",2018,10,72049,6
"226","720512010","Dorado",2010,118,72051,0
"227","720512011","Dorado",2011,131,72051,0
"228","720512012","Dorado",2012,124,72051,0
"229","720512013","Dorado",2013,114,72051,0
"230","720512014","Dorado",2014,114,72051,0
"231","720512015","Dorado",2015,129,72051,0
"232","720512016","Dorado",2016,140,72051,0
"233","720512017","Dorado",2017,174,72051,0
"234","720512018","Dorado",2018,127,72051,75
"235","720532010","Fajardo",2010,529,72053,0
"236","720532011","Fajardo",2011,600,72053,0
"237","720532012","Fajardo",2012,590,72053,0
"238","720532013","Fajardo",2013,488,72053,0
"239","720532014","Fajardo",2014,557,72053,0
"240","720532015","Fajardo",2015,501,72053,0
"241","720532016","Fajardo",2016,457,72053,0
"242","720532017","Fajardo",2017,460,72053,0
"243","720532018","Fajardo",2018,443,72053,243
"244","720542010","Florida",2010,38,72054,0
"245","720542011","Florida",2011,47,72054,0
"246","720542012","Florida",2012,52,72054,0
"247","720542013","Florida",2013,51,72054,0
"248","720542014","Florida",2014,50,72054,0
"249","720542015","Florida",2015,55,72054,0
"250","720542016","Florida",2016,46,72054,0
"251","720542017","Florida",2017,46,72054,0
"252","720542018","Florida",2018,47,72054,30
"253","720552010","Guánica",2010,80,72055,0
"254","720552011","Guánica",2011,83,72055,0
"255","720552012","Guánica",2012,87,72055,0
"256","720552013","Guánica",2013,103,72055,0
"257","720552014","Guánica",2014,75,72055,0
"258","720552015","Guánica",2015,81,72055,0
"259","720552016","Guánica",2016,81,72055,0
"260","720552017","Guánica",2017,92,72055,0
"261","720552018","Guánica",2018,82,72055,42
"262","720572010","Guayama",2010,418,72057,0
"263","720572011","Guayama",2011,422,72057,0
"264","720572012","Guayama",2012,386,72057,0
"265","720572013","Guayama",2013,395,72057,0
"266","720572014","Guayama",2014,407,72057,0
"267","720572015","Guayama",2015,399,72057,0
"268","720572016","Guayama",2016,456,72057,0
"269","720572017","Guayama",2017,431,72057,0
"270","720572018","Guayama",2018,423,72057,243
"271","720592010","Guayanilla",2010,86,72059,0
"272","720592011","Guayanilla",2011,94,72059,0
"273","720592012","Guayanilla",2012,88,72059,0
"274","720592013","Guayanilla",2013,98,72059,0
"275","720592014","Guayanilla",2014,99,72059,0
"276","720592015","Guayanilla",2015,112,72059,0
"277","720592016","Guayanilla",2016,110,72059,0
"278","720592017","Guayanilla",2017,112,72059,0
"279","720592018","Guayanilla",2018,110,72059,62
"280","720612010","Guaynabo",2010,346,72061,0
"281","720612011","Guaynabo",2011,398,72061,0
"282","720612012","Guaynabo",2012,422,72061,0
"283","720612013","Guaynabo",2013,447,72061,0
"284","720612014","Guaynabo",2014,422,72061,0
"285","720612015","Guaynabo",2015,406,72061,0
"286","720612016","Guaynabo",2016,407,72061,0
"287","720612017","Guaynabo",2017,396,72061,0
"288","720612018","Guaynabo",2018,404,72061,218
"289","720632010","Gurabo",2010,156,72063,0
"290","720632011","Gurabo",2011,136,72063,0
"291","720632012","Gurabo",2012,146,72063,0
"292","720632013","Gurabo",2013,147,72063,0
"293","720632014","Gurabo",2014,139,72063,0
"294","720632015","Gurabo",2015,144,72063,0
"295","720632016","Gurabo",2016,154,72063,0
"296","720632017","Gurabo",2017,122,72063,0
"297","720632018","Gurabo",2018,122,72063,80
"298","720652010","Hatillo",2010,130,72065,0
"299","720652011","Hatillo",2011,135,72065,0
"300","720652012","Hatillo",2012,122,72065,0
"301","720652013","Hatillo",2013,156,72065,0
"302","720652014","Hatillo",2014,179,72065,0
"303","720652015","Hatillo",2015,157,72065,0
"304","720652016","Hatillo",2016,159,72065,0
"305","720652017","Hatillo",2017,152,72065,0
"306","720652018","Hatillo",2018,145,72065,80
"307","720672010","Hormigueros",2010,84,72067,0
"308","720672011","Hormigueros",2011,84,72067,0
"309","720672012","Hormigueros",2012,76,72067,0
"310","720672013","Hormigueros",2013,83,72067,0
"311","720672014","Hormigueros",2014,86,72067,0
"312","720672015","Hormigueros",2015,70,72067,0
"313","720672016","Hormigueros",2016,94,72067,0
"314","720672017","Hormigueros",2017,78,72067,0
"315","720672018","Hormigueros",2018,73,72067,45
"316","720692010","Humacao",2010,779,72069,0
"317","720692011","Humacao",2011,816,72069,0
"318","720692012","Humacao",2012,767,72069,0
"319","720692013","Humacao",2013,752,72069,0
"320","720692014","Humacao",2014,774,72069,0
"321","720692015","Humacao",2015,770,72069,0
"322","720692016","Humacao",2016,748,72069,0
"323","720692017","Humacao",2017,722,72069,0
"324","720692018","Humacao",2018,676,72069,416
"325","720712010","Isabela",2010,172,72071,0
"326","720712011","Isabela",2011,192,72071,0
"327","720712012","Isabela",2012,207,72071,0
"328","720712013","Isabela",2013,209,72071,0
"329","720712014","Isabela",2014,212,72071,0
"330","720712015","Isabela",2015,219,72071,0
"331","720712016","Isabela",2016,238,72071,0
"332","720712017","Isabela",2017,251,72071,0
"333","720712018","Isabela",2018,232,72071,137
"334","720732010","Jayuya",2010,65,72073,0
"335","720732011","Jayuya",2011,50,72073,0
"336","720732012","Jayuya",2012,64,72073,0
"337","720732013","Jayuya",2013,52,72073,0
"338","720732014","Jayuya",2014,54,72073,0
"339","720732015","Jayuya",2015,43,72073,0
"340","720732016","Jayuya",2016,57,72073,0
"341","720732017","Jayuya",2017,78,72073,0
"342","720732018","Jayuya",2018,47,72073,26
"343","720752010","Juana Díaz",2010,155,72075,0
"344","720752011","Juana Díaz",2011,198,72075,0
"345","720752012","Juana Díaz",2012,183,72075,0
"346","720752013","Juana Díaz",2013,194,72075,0
"347","720752014","Juana Díaz",2014,189,72075,0
"348","720752015","Juana Díaz",2015,186,72075,0
"349","720752016","Juana Díaz",2016,183,72075,0
"350","720752017","Juana Díaz",2017,168,72075,0
"351","720752018","Juana Díaz",2018,194,72075,104
"352","720772010","Juncos",2010,97,72077,0
"353","720772011","Juncos",2011,114,72077,0
"354","720772012","Juncos",2012,132,72077,0
"355","720772013","Juncos",2013,149,72077,0
"356","720772014","Juncos",2014,131,72077,0
"357","720772015","Juncos",2015,135,72077,0
"358","720772016","Juncos",2016,119,72077,0
"359","720772017","Juncos",2017,137,72077,0
"360","720772018","Juncos",2018,131,72077,70
"361","720792010","Lajas",2010,144,72079,0
"362","720792011","Lajas",2011,96,72079,0
"363","720792012","Lajas",2012,118,72079,0
"364","720792013","Lajas",2013,105,72079,0
"365","720792014","Lajas",2014,115,72079,0
"366","720792015","Lajas",2015,137,72079,0
"367","720792016","Lajas",2016,128,72079,0
"368","720792017","Lajas",2017,136,72079,0
"369","720792018","Lajas",2018,107,72079,62
"370","720812010","Lares",2010,157,72081,0
"371","720812011","Lares",2011,145,72081,0
"372","720812012","Lares",2012,147,72081,0
"373","720812013","Lares",2013,154,72081,0
"374","720812014","Lares",2014,147,72081,0
"375","720812015","Lares",2015,155,72081,0
"376","720812016","Lares",2016,150,72081,0
"377","720812017","Lares",2017,150,72081,0
"378","720812018","Lares",2018,147,72081,82
"379","720832010","Las Marías",2010,37,72083,0
"380","720832011","Las Marías",2011,45,72083,0
"381","720832012","Las Marías",2012,37,72083,0
"382","720832013","Las Marías",2013,36,72083,0
"383","720832014","Las Marías",2014,52,72083,0
"384","720832015","Las Marías",2015,31,72083,0
"385","720832016","Las Marías",2016,44,72083,0
"386","720832017","Las Marías",2017,54,72083,0
"387","720832018","Las Marías",2018,33,72083,22
"388","720852010","Las Piedras",2010,126,72085,0
"389","720852011","Las Piedras",2011,127,72085,0
"390","720852012","Las Piedras",2012,111,72085,0
"391","720852013","Las Piedras",2013,113,72085,0
"392","720852014","Las Piedras",2014,139,72085,0
"393","720852015","Las Piedras",2015,109,72085,0
"394","720852016","Las Piedras",2016,122,72085,0
"395","720852017","Las Piedras",2017,134,72085,0
"396","720852018","Las Piedras",2018,116,72085,69
"397","720872010","Loíza",2010,89,72087,0
"398","720872011","Loíza",2011,110,72087,0
"399","720872012","Loíza",2012,80,72087,0
"400","720872013","Loíza",2013,83,72087,0
"401","720872014","Loíza",2014,97,72087,0
"402","720872015","Loíza",2015,85,72087,0
"403","720872016","Loíza",2016,83,72087,0
"404","720872017","Loíza",2017,83,72087,0
"405","720872018","Loíza",2018,73,72087,46
"406","720892010","Luquillo",2010,75,72089,0
"407","720892011","Luquillo",2011,73,72089,0
"408","720892012","Luquillo",2012,79,72089,0
"409","720892013","Luquillo",2013,82,72089,0
"410","720892014","Luquillo",2014,88,72089,0
"411","720892015","Luquillo",2015,73,72089,0
"412","720892016","Luquillo",2016,70,72089,0
"413","720892017","Luquillo",2017,72,72089,0
"414","720892018","Luquillo",2018,63,72089,38
"415","720912010","Manatí",2010,1098,72091,0
"416","720912011","Manatí",2011,1098,72091,0
"417","720912012","Manatí",2012,1085,72091,0
"418","720912013","Manatí",2013,1036,72091,0
"419","720912014","Manatí",2014,1060,72091,0
"420","720912015","Manatí",2015,946,72091,0
"421","720912016","Manatí",2016,1065,72091,0
"422","720912017","Manatí",2017,1154,72091,0
"423","720912018","Manatí",2018,474,72091,0
"424","720932010","Maricao",2010,17,72093,0
"425","720932011","Maricao",2011,13,72093,0
"426","720932012","Maricao",2012,17,72093,0
"427","720932013","Maricao",2013,12,72093,0
"428","720932014","Maricao",2014,18,72093,0
"429","720932015","Maricao",2015,16,72093,0
"430","720932016","Maricao",2016,16,72093,0
"431","720932017","Maricao",2017,14,72093,0
"432","720932018","Maricao",2018,17,72093,10
"433","720952010","Maunabo",2010,40,72095,0
"434","720952011","Maunabo",2011,51,72095,0
"435","720952012","Maunabo",2012,51,72095,0
"436","720952013","Maunabo",2013,53,72095,0
"437","720952014","Maunabo",2014,50,72095,0
"438","720952015","Maunabo",2015,49,72095,0
"439","720952016","Maunabo",2016,45,72095,0
"440","720952017","Maunabo",2017,34,72095,0
"441","720952018","Maunabo",2018,45,72095,26
"442","720972010","Mayagüez",2010,1363,72097,0
"443","720972011","Mayagüez",2011,1490,72097,0
"444","720972012","Mayagüez",2012,1517,72097,0
"445","720972013","Mayagüez",2013,1390,72097,0
"446","720972014","Mayagüez",2014,1370,72097,0
"447","720972015","Mayagüez",2015,1227,72097,0
"448","720972016","Mayagüez",2016,1284,72097,0
"449","720972017","Mayagüez",2017,1364,72097,0
"450","720972018","Mayagüez",2018,1221,72097,666
"451","720992010","Moca",2010,419,72099,0
"452","720992011","Moca",2011,381,72099,0
"453","720992012","Moca",2012,403,72099,0
"454","720992013","Moca",2013,379,72099,0
"455","720992014","Moca",2014,382,72099,0
"456","720992015","Moca",2015,376,72099,0
"457","720992016","Moca",2016,361,72099,0
"458","720992017","Moca",2017,411,72099,0
"459","720992018","Moca",2018,345,72099,185
"460","721012010","Morovis",2010,103,72101,0
"461","721012011","Morovis",2011,128,72101,0
"462","721012012","Morovis",2012,97,72101,0
"463","721012013","Morovis",2013,96,72101,0
"464","721012014","Morovis",2014,105,72101,0
"465","721012015","Morovis",2015,83,72101,0
"466","721012016","Morovis",2016,122,72101,0
"467","721012017","Morovis",2017,126,72101,0
"468","721012018","Morovis",2018,105,72101,54
"469","721032010","Naguabo",2010,96,72103,0
"470","721032011","Naguabo",2011,115,72103,0
"471","721032012","Naguabo",2012,80,72103,0
"472","721032013","Naguabo",2013,111,72103,0
"473","721032014","Naguabo",2014,90,72103,0
"474","721032015","Naguabo",2015,98,72103,0
"475","721032016","Naguabo",2016,122,72103,0
"476","721032017","Naguabo",2017,113,72103,0
"477","721032018","Naguabo",2018,102,72103,62
"478","721052010","Naranjito",2010,108,72105,0
"479","721052011","Naranjito",2011,106,72105,0
"480","721052012","Naranjito",2012,107,72105,0
"481","721052013","Naranjito",2013,113,72105,0
"482","721052014","Naranjito",2014,125,72105,0
"483","721052015","Naranjito",2015,94,72105,0
"484","721052016","Naranjito",2016,110,72105,0
"485","721052017","Naranjito",2017,110,72105,0
"486","721052018","Naranjito",2018,106,72105,54
"487","721072010","Orocovis",2010,86,72107,0
"488","721072011","Orocovis",2011,105,72107,0
"489","721072012","Orocovis",2012,84,72107,0
"490","721072013","Orocovis",2013,84,72107,0
"491","721072014","Orocovis",2014,98,72107,0
"492","721072015","Orocovis",2015,99,72107,0
"493","721072016","Orocovis",2016,89,72107,0
"494","721072017","Orocovis",2017,93,72107,0
"495","721072018","Orocovis",2018,85,72107,48
"496","721092010","Patillas",2010,94,72109,0
"497","721092011","Patillas",2011,77,72109,0
"498","721092012","Patillas",2012,84,72109,0
"499","721092013","Patillas",2013,96,72109,0
"500","721092014","Patillas",2014,81,72109,0
"501","721092015","Patillas",2015,72,72109,0
"502","721092016","Patillas",2016,95,72109,0
"503","721092017","Patillas",2017,80,72109,0
"504","721092018","Patillas",2018,73,72109,42
"505","721112010","Peñuelas",2010,87,72111,0
"506","721112011","Peñuelas",2011,83,72111,0
"507","721112012","Peñuelas",2012,77,72111,0
"508","721112013","Peñuelas",2013,75,72111,0
"509","721112014","Peñuelas",2014,82,72111,0
"510","721112015","Peñuelas",2015,77,72111,0
"511","721112016","Peñuelas",2016,72,72111,0
"512","721112017","Peñuelas",2017,92,72111,0
"513","721112018","Peñuelas",2018,82,72111,42
"514","721132010","Ponce",2010,2051,72113,0
"515","721132011","Ponce",2011,2162,72113,0
"516","721132012","Ponce",2012,2053,72113,0
"517","721132013","Ponce",2013,1961,72113,0
"518","721132014","Ponce",2014,2144,72113,0
"519","721132015","Ponce",2015,1958,72113,0
"520","721132016","Ponce",2016,2051,72113,0
"521","721132017","Ponce",2017,2102,72113,0
"522","721132018","Ponce",2018,1951,72113,1064
"523","721152010","Quebradillas",2010,104,72115,0
"524","721152011","Quebradillas",2011,88,72115,0
"525","721152012","Quebradillas",2012,104,72115,0
"526","721152013","Quebradillas",2013,120,72115,0
"527","721152014","Quebradillas",2014,97,72115,0
"528","721152015","Quebradillas",2015,116,72115,0
"529","721152016","Quebradillas",2016,100,72115,0
"530","721152017","Quebradillas",2017,103,72115,0
"531","721152018","Quebradillas",2018,104,72115,58
"532","721172010","Rincón",2010,61,72117,0
"533","721172011","Rincón",2011,55,72117,0
"534","721172012","Rincón",2012,80,72117,0
"535","721172013","Rincón",2013,44,72117,0
"536","721172014","Rincón",2014,70,72117,0
"537","721172015","Rincón",2015,68,72117,0
"538","721172016","Rincón",2016,78,72117,0
"539","721172017","Rincón",2017,68,72117,0
"540","721172018","Rincón",2018,67,72117,38
"541","721192010","Río Grande",2010,218,72119,0
"542","721192011","Río Grande",2011,192,72119,0
"543","721192012","Río Grande",2012,206,72119,0
"544","721192013","Río Grande",2013,211,72119,0
"545","721192014","Río Grande",2014,199,72119,0
"546","721192015","Río Grande",2015,209,72119,0
"547","721192016","Río Grande",2016,225,72119,0
"548","721192017","Río Grande",2017,234,72119,0
"549","721192018","Río Grande",2018,238,72119,126
"550","721212010","Sabana Grande",2010,97,72121,0
"551","721212011","Sabana Grande",2011,101,72121,0
"552","721212012","Sabana Grande",2012,108,72121,0
"553","721212013","Sabana Grande",2013,92,72121,0
"554","721212014","Sabana Grande",2014,111,72121,0
"555","721212015","Sabana Grande",2015,101,72121,0
"556","721212016","Sabana Grande",2016,112,72121,0
"557","721212017","Sabana Grande",2017,117,72121,0
"558","721212018","Sabana Grande",2018,105,72121,54
"559","721232010","Salinas",2010,132,72123,0
"560","721232011","Salinas",2011,149,72123,0
"561","721232012","Salinas",2012,154,72123,0
"562","721232013","Salinas",2013,138,72123,0
"563","721232014","Salinas",2014,109,72123,0
"564","721232015","Salinas",2015,109,72123,0
"565","721232016","Salinas",2016,132,72123,0
"566","721232017","Salinas",2017,118,72123,0
"567","721232018","Salinas",2018,113,72123,66
"568","721252010","San Germán",2010,716,72125,0
"569","721252011","San Germán",2011,643,72125,0
"570","721252012","San Germán",2012,684,72125,0
"571","721252013","San Germán",2013,681,72125,0
"572","721252014","San Germán",2014,682,72125,0
"573","721252015","San Germán",2015,654,72125,0
"574","721252016","San Germán",2016,650,72125,0
"575","721252017","San Germán",2017,690,72125,0
"576","721252018","San Germán",2018,632,72125,340
"577","721272010","San Juan",2010,6771,72127,0
"578","721272011","San Juan",2011,6861,72127,0
"579","721272012","San Juan",2012,6569,72127,0
"580","721272013","San Juan",2013,6723,72127,0
"581","721272014","San Juan",2014,6858,72127,0
"582","721272015","San Juan",2015,6263,72127,0
"583","721272016","San Juan",2016,6420,72127,0
"584","721272017","San Juan",2017,6611,72127,0
"585","721272018","San Juan",2018,6172,72127,3469
"586","721292010","San Lorenzo",2010,175,72129,0
"587","721292011","San Lorenzo",2011,148,72129,0
"588","721292012","San Lorenzo",2012,132,72129,0
"589","721292013","San Lorenzo",2013,136,72129,0
"590","721292014","San Lorenzo",2014,153,72129,0
"591","721292015","San Lorenzo",2015,127,72129,0
"592","721292016","San Lorenzo",2016,150,72129,0
"593","721292017","San Lorenzo",2017,146,72129,0
"594","721292018","San Lorenzo",2018,136,72129,71
"595","721312010","San Sebastián",2010,171,72131,0
"596","721312011","San Sebastián",2011,190,72131,0
"597","721312012","San Sebastián",2012,177,72131,0
"598","721312013","San Sebastián",2013,214,72131,0
"599","721312014","San Sebastián",2014,203,72131,0
"600","721312015","San Sebastián",2015,190,72131,0
"601","721312016","San Sebastián",2016,188,72131,0
"602","721312017","San Sebastián",2017,205,72131,0
"603","721312018","San Sebastián",2018,180,72131,102
"604","721332010","Santa Isabel",2010,67,72133,0
"605","721332011","Santa Isabel",2011,82,72133,0
"606","721332012","Santa Isabel",2012,91,72133,0
"607","721332013","Santa Isabel",2013,86,72133,0
"608","721332014","Santa Isabel",2014,90,72133,0
"609","721332015","Santa Isabel",2015,71,72133,0
"610","721332016","Santa Isabel",2016,102,72133,0
"611","721332017","Santa Isabel",2017,105,72133,0
"612","721332018","Santa Isabel",2018,84,72133,48
"613","721352010","Toa Alta",2010,162,72135,0
"614","721352011","Toa Alta",2011,183,72135,0
"615","721352012","Toa Alta",2012,201,72135,0
"616","721352013","Toa Alta",2013,188,72135,0
"617","721352014","Toa Alta",2014,221,72135,0
"618","721352015","Toa Alta",2015,190,72135,0
"619","721352016","Toa Alta",2016,216,72135,0
"620","721352017","Toa Alta",2017,234,72135,0
"621","721352018","Toa Alta",2018,207,72135,108
"622","721372010","Toa Baja",2010,308,72137,0
"623","721372011","Toa Baja",2011,348,72137,0
"624","721372012","Toa Baja",2012,301,72137,0
"625","721372013","Toa Baja",2013,307,72137,0
"626","721372014","Toa Baja",2014,351,72137,0
"627","721372015","Toa Baja",2015,304,72137,0
"628","721372016","Toa Baja",2016,311,72137,0
"629","721372017","Toa Baja",2017,331,72137,0
"630","721372018","Toa Baja",2018,312,72137,162
"631","721392010","Trujillo Alto",2010,189,72139,0
"632","721392011","Trujillo Alto",2011,212,72139,0
"633","721392012","Trujillo Alto",2012,225,72139,0
"634","721392013","Trujillo Alto",2013,223,72139,0
"635","721392014","Trujillo Alto",2014,247,72139,0
"636","721392015","Trujillo Alto",2015,233,72139,0
"637","721392016","Trujillo Alto",2016,257,72139,0
"638","721392017","Trujillo Alto",2017,279,72139,0
"639","721392018","Trujillo Alto",2018,252,72139,126
"640","721412010","Utuado",2010,154,72141,0
"641","721412011","Utuado",2011,137,72141,0
"642","721412012","Utuado",2012,143,72141,0
"643","721412013","Utuado",2013,138,72141,0
"644","721412014","Utuado",2014,149,72141,0
"645","721412015","Utuado",2015,151,72141,0
"646","721412016","Utuado",2016,119,72141,0
"647","721412017","Utuado",2017,131,72141,0
"648","721412018","Utuado",2018,120,72141,68
"649","721432010","Vega Alta",2010,139,72143,0
"650","721432011","Vega Alta",2011,146,72143,0
"651","721432012","Vega Alta",2012,144,72143,0
"652","721432013","Vega Alta",2013,134,72143,0
"653","721432014","Vega Alta",2014,130,72143,0
"654","721432015","Vega Alta",2015,114,72143,0
"655","721432016","Vega Alta",2016,127,72143,0
"656","721432017","Vega Alta",2017,153,72143,0
"657","721432018","Vega Alta",2018,122,72143,70
"658","721452010","Vega Baja",2010,339,72145,0
"659","721452011","Vega Baja",2011,362,72145,0
"660","721452012","Vega Baja",2012,357,72145,0
"661","721452013","Vega Baja",2013,386,72145,0
"662","721452014","Vega Baja",2014,430,72145,0
"663","721452015","Vega Baja",2015,361,72145,0
"664","721452016","Vega Baja",2016,317,72145,0
"665","721452017","Vega Baja",2017,324,72145,0
"666","721452018","Vega Baja",2018,321,72145,186
"667","721472010","Vieques",2010,43,72147,0
"668","721472011","Vieques",2011,44,72147,0
"669","721472012","Vieques",2012,42,72147,0
"670","721472013","Vieques",2013,47,72147,0
"671","721472014","Vieques",2014,63,72147,0
"672","721472015","Vieques",2015,46,72147,0
"673","721472016","Vieques",2016,36,72147,0
"674","721472017","Vieques",2017,49,72147,0
"675","721472018","Vieques",2018,50,72147,24
"676","721492010","Villalba",2010,73,72149,0
"677","721492011","Villalba",2011,78,72149,0
"678","721492012","Villalba",2012,87,72149,0
"679","721492013","Villalba",2013,89,72149,0
"680","721492014","Villalba",2014,106,72149,0
"681","721492015","Villalba",2015,93,72149,0
"682","721492016","Villalba",2016,99,72149,0
"683","721492017","Villalba",2017,102,72149,0
"684","721492018","Villalba",2018,89,72149,48
"685","721512010","Yabucoa",2010,130,72151,0
"686","721512011","Yabucoa",2011,119,72151,0
"687","721512012","Yabucoa",2012,131,72151,0
"688","721512013","Yabucoa",2013,120,72151,0
"689","721512014","Yabucoa",2014,106,72151,0
"690","721512015","Yabucoa",2015,130,72151,0
"691","721512016","Yabucoa",2016,108,72151,0
"692","721512017","Yabucoa",2017,125,72151,0
"693","721512018","Yabucoa",2018,103,72151,61
"694","721532010","Yauco",2010,455,72153,0
"695","721532011","Yauco",2011,460,72153,0
"696","721532012","Yauco",2012,434,72153,0
"697","721532013","Yauco",2013,390,72153,0
"698","721532014","Yauco",2014,458,72153,0
"699","721532015","Yauco",2015,417,72153,0
"700","721532016","Yauco",2016,419,72153,0
"701","721532017","Yauco",2017,474,72153,0
"702","721532018","Yauco",2018,398,72153,218
